building_id,num_camera_setups,execution_time,memory_usage
265,96,92.351186,1144
265,432,458.716905,8800
265,384,415.710988,3168
