building_id,num_camera_setups,execution_time,memory_usage
396,96,86.968574,1404
396,432,435.365228,9152
396,2000,3546.082090,67936
