building_id,num_camera_setups,execution_time,memory_usage
114,96,88.641736,1144
114,432,471.009812,6160
114,960,1696.856536,19360
